Label,# Samples,Average,Median,90% Line,95% Line,99% Line,Min,Max,Error %,Throughput,Received KB/sec,Sent KB/sec
HTTP请求,20000,127,122,183,205,251,17,400,0.000%,154.58101,14.04,791524.64
总体,20000,127,122,183,205,251,17,400,0.000%,154.58101,14.04,791524.64
