Label,# Samples,Average,Median,90% Line,95% Line,99% Line,Min,Max,Error %,Throughput,Received KB/sec,Sent KB/sec
HTTP请求,20000,115,107,175,202,264,14,887,0.000%,171.53983,12.56,878361.45
总体,20000,115,107,175,202,264,14,887,0.000%,171.53983,12.56,878361.45
