Label,# Samples,Average,Median,90% Line,95% Line,99% Line,Min,Max,Error %,Throughput,Received KB/sec,Sent KB/sec
HTTP请求,40000,120,112,186,213,274,15,441,0.000%,326.69596,23.93,1672831.02
总体,40000,120,112,186,213,274,15,441,0.000%,326.69596,23.93,1672831.02
