Label,# Samples,Average,Median,90% Line,95% Line,99% Line,Min,Max,Error %,Throughput,Received KB/sec,Sent KB/sec
HTTP请求,40000,119,111,177,207,277,19,455,0.000%,330.00033,29.97,1689750.90
总体,40000,119,111,177,207,277,19,455,0.000%,330.00033,29.97,1689750.90
